"sex","qimd","age","mu","sigma","nu"
"men","1 most deprived",30,0.727852423198487,0.928734503149864,0.259316418182919
"men","2",30,0.72785242319845,0.928734503149864,0.259316416930204
"men","3",30,0.72785242319848,0.928734503149864,0.25931641807441
"men","4",30,0.727852423198543,0.928734503149864,0.259316418021222
"men","5 least deprived",30,0.727852423198466,0.928734503149864,0.259316418067587
"women","1 most deprived",30,0.727852423198487,0.928734498635062,0.259316418028459
"women","2",30,0.72785242319845,0.928734498635062,0.259316416775744
"women","3",30,0.72785242319848,0.928734498635062,0.25931641791995
"women","4",30,0.727852423198543,0.928734498635062,0.259316417866761
"women","5 least deprived",30,0.727852423198466,0.928734498635062,0.259316417913127
"men","1 most deprived",31,0.727852423198487,0.930895575057264,0.260635287120166
"men","2",31,0.72785242319845,0.930895575057264,0.260635285863321
"men","3",31,0.72785242319848,0.930895575057264,0.260635287011299
"men","4",31,0.727852423198543,0.930895575057264,0.260635286957935
"men","5 least deprived",31,0.727852423198466,0.930895575057264,0.260635287004454
"women","1 most deprived",31,0.727852423198487,0.930895570531956,0.260635286965196
"women","2",31,0.72785242319845,0.930895570531956,0.260635285708352
"women","3",31,0.72785242319848,0.930895570531956,0.26063528685633
"women","4",31,0.727852423198543,0.930895570531956,0.260635286802966
"women","5 least deprived",31,0.727852423198466,0.930895570531956,0.260635286849484
"men","1 most deprived",32,0.727852423198487,0.933061675561935,0.261958491433089
"men","2",32,0.72785242319845,0.933061675561935,0.261958490172125
"men","3",32,0.72785242319848,0.933061675561935,0.261958491323866
"men","4",32,0.727852423198543,0.933061675561935,0.261958491270327
"men","5 least deprived",32,0.727852423198466,0.933061675561935,0.261958491316998
"women","1 most deprived",32,0.727852423198487,0.933061671026098,0.261958491277612
"women","2",32,0.72785242319845,0.933061671026098,0.261958490016647
"women","3",32,0.72785242319848,0.933061671026098,0.261958491168389
"women","4",32,0.727852423198543,0.933061671026098,0.26195849111485
"women","5 least deprived",32,0.727852423198466,0.933061671026098,0.261958491161521
"men","1 most deprived",33,0.727852423198487,0.935232816364919,0.263286021288934
"men","2",33,0.72785242319845,0.935232816364919,0.263286020023859
"men","3",33,0.72785242319848,0.935232816364919,0.263286021179355
"men","4",33,0.727852423198543,0.935232816364919,0.263286021125641
"men","5 least deprived",33,0.727852423198466,0.935232816364919,0.263286021172465
"women","1 most deprived",33,0.727852423198487,0.935232811818527,0.26328602113295
"women","2",33,0.72785242319845,0.935232811818527,0.263286019867875
"women","3",33,0.72785242319848,0.935232811818527,0.263286021023371
"women","4",33,0.727852423198543,0.935232811818527,0.263286020969657
"women","5 least deprived",33,0.727852423198466,0.935232811818527,0.26328602101648
"men","1 most deprived",34,0.727852423198487,0.937409009194484,0.264617866586615
"men","2",34,0.72785242319845,0.937409009194484,0.264617865317439
"men","3",34,0.72785242319848,0.937409009194484,0.264617866476681
"men","4",34,0.727852423198543,0.937409009194484,0.264617866422793
"men","5 least deprived",34,0.727852423198466,0.937409009194484,0.264617866469768
"women","1 most deprived",34,0.727852423198487,0.937409004637513,0.264617866430125
"women","2",34,0.72785242319845,0.937409004637513,0.264617865160949
"women","3",34,0.72785242319848,0.937409004637513,0.264617866320191
"women","4",34,0.727852423198543,0.937409004637513,0.264617866266303
"women","5 least deprived",34,0.727852423198466,0.937409004637513,0.264617866313278
"men","1 most deprived",35,0.727852423198487,0.939590265806188,0.265954016955811
"men","2",35,0.72785242319845,0.939590265806188,0.265954015682544
"men","3",35,0.72785242319848,0.939590265806188,0.265954016845522
"men","4",35,0.727852423198543,0.939590265806188,0.265954016791461
"men","5 least deprived",35,0.727852423198466,0.939590265806188,0.265954016838587
"women","1 most deprived",35,0.727852423198487,0.939590261238614,0.265954016798816
"women","2",35,0.72785242319845,0.939590261238614,0.26595401552555
"women","3",35,0.72785242319848,0.939590261238614,0.265954016688528
"women","4",35,0.727852423198543,0.939590261238614,0.265954016634466
"women","5 least deprived",35,0.727852423198466,0.939590261238614,0.265954016681593
"men","1 most deprived",36,0.727852423198487,0.941776597982944,0.267294461756085
"men","2",36,0.72785242319845,0.941776597982944,0.267294460478737
"men","3",36,0.72785242319848,0.941776597982944,0.267294461645442
"men","4",36,0.727852423198543,0.941776597982944,0.267294461591208
"men","5 least deprived",36,0.727852423198466,0.941776597982944,0.267294461638485
"women","1 most deprived",36,0.727852423198487,0.941776593404741,0.267294461598587
"women","2",36,0.72785242319845,0.941776593404741,0.26729446032124
"women","3",36,0.72785242319848,0.941776593404741,0.267294461487945
"women","4",36,0.727852423198543,0.941776593404741,0.26729446143371
"women","5 least deprived",36,0.727852423198466,0.941776593404741,0.267294461480988
"men","1 most deprived",37,0.727852423198487,0.943968017535081,0.268639190076032
"men","2",37,0.72785242319845,0.943968017535081,0.268639188794615
"men","3",37,0.72785242319848,0.943968017535081,0.268639189965038
"men","4",37,0.727852423198543,0.943968017535081,0.26863918991063
"men","5 least deprived",37,0.727852423198466,0.943968017535081,0.268639189958058
"women","1 most deprived",37,0.727852423198487,0.943968012946225,0.268639189918033
"women","2",37,0.72785242319845,0.943968012946225,0.268639188636616
"women","3",37,0.72785242319848,0.943968012946225,0.268639189807038
"women","4",37,0.727852423198543,0.943968012946225,0.268639189752631
"women","5 least deprived",37,0.727852423198466,0.943968012946225,0.268639189800059
"men","1 most deprived",38,0.727852423198487,0.946164536300412,0.26998819073246
"men","2",38,0.72785242319845,0.946164536300412,0.269988189446984
"men","3",38,0.72785242319848,0.946164536300412,0.269988190621114
"men","4",38,0.727852423198543,0.946164536300412,0.269988190566534
"men","5 least deprived",38,0.727852423198466,0.946164536300412,0.269988190614113
"women","1 most deprived",38,0.727852423198487,0.946164531700878,0.269988190573961
"women","2",38,0.72785242319845,0.946164531700878,0.269988189288484
"women","3",38,0.72785242319848,0.946164531700878,0.269988190462614
"women","4",38,0.727852423198543,0.946164531700878,0.269988190408035
"women","5 least deprived",38,0.727852423198466,0.946164531700878,0.269988190455613
"men","1 most deprived",39,0.727852423198487,0.948366166144292,0.271341452269591
"men","2",39,0.72785242319845,0.948366166144292,0.271341450980066
"men","3",39,0.72785242319848,0.948366166144292,0.271341452157894
"men","4",39,0.727852423198543,0.948366166144292,0.271341452103143
"men","5 least deprived",39,0.727852423198466,0.948366166144292,0.271341452150871
"women","1 most deprived",39,0.727852423198487,0.948366161534056,0.271341452110593
"women","2",39,0.72785242319845,0.948366161534056,0.271341450821067
"women","3",39,0.72785242319848,0.948366161534056,0.271341451998895
"women","4",39,0.727852423198543,0.948366161534056,0.271341451944144
"women","5 least deprived",39,0.727852423198466,0.948366161534056,0.271341451991872
"men","1 most deprived",40,0.727852423198487,0.950572918959689,0.2726989629583
"men","2",40,0.72785242319845,0.950572918959689,0.272698961664738
"men","3",40,0.72785242319848,0.950572918959689,0.272698962846253
"men","4",40,0.727852423198543,0.950572918959689,0.27269896279133
"men","5 least deprived",40,0.727852423198466,0.950572918959689,0.272698962839207
"women","1 most deprived",40,0.727852423198487,0.950572914338726,0.272698962798803
"women","2",40,0.72785242319845,0.950572914338726,0.272698961505241
"women","3",40,0.72785242319848,0.950572914338726,0.272698962686756
"women","4",40,0.727852423198543,0.950572914338726,0.272698962631833
"women","5 least deprived",40,0.727852423198466,0.950572914338726,0.272698962679711
"men","1 most deprived",41,0.727852423198487,0.952784806667243,0.274060710795376
"men","2",41,0.72785242319845,0.952784806667243,0.274060709497789
"men","3",41,0.72785242319848,0.952784806667243,0.274060710682981
"men","4",41,0.727852423198543,0.952784806667243,0.274060710627887
"men","5 least deprived",41,0.727852423198466,0.952784806667243,0.274060710675913
"women","1 most deprived",41,0.727852423198487,0.952784802035527,0.274060710635383
"women","2",41,0.72785242319845,0.952784802035527,0.274060709337796
"women","3",41,0.72785242319848,0.952784802035527,0.274060710522988
"women","4",41,0.727852423198543,0.952784802035527,0.274060710467894
"women","5 least deprived",41,0.727852423198466,0.952784802035527,0.27406071051592
"men","1 most deprived",42,0.727852423198487,0.955001841215332,0.275426683502825
"men","2",42,0.72785242319845,0.955001841215332,0.275426682201223
"men","3",42,0.72785242319848,0.955001841215332,0.275426683390082
"men","4",42,0.727852423198543,0.955001841215332,0.275426683334817
"men","5 least deprived",42,0.727852423198466,0.955001841215332,0.275426683382992
"women","1 most deprived",42,0.727852423198487,0.955001836572839,0.275426683342337
"women","2",42,0.72785242319845,0.955001836572839,0.275426682040736
"women","3",42,0.72785242319848,0.955001836572839,0.275426683229594
"women","4",42,0.727852423198543,0.955001836572839,0.275426683174329
"women","5 least deprived",42,0.727852423198466,0.955001836572839,0.275426683222504
"men","1 most deprived",43,0.727852423198487,0.957224034580138,0.276796868527186
"men","2",43,0.72785242319845,0.957224034580138,0.276796867221584
"men","3",43,0.72785242319848,0.957224034580138,0.276796868414097
"men","4",43,0.727852423198543,0.957224034580138,0.276796868358663
"men","5 least deprived",43,0.727852423198466,0.957224034580138,0.276796868406986
"women","1 most deprived",43,0.727852423198487,0.957224029926841,0.276796868366205
"women","2",43,0.72785242319845,0.957224029926841,0.276796867060602
"women","3",43,0.72785242319848,0.957224029926841,0.276796868253116
"women","4",43,0.727852423198543,0.957224029926841,0.276796868197681
"women","5 least deprived",43,0.727852423198466,0.957224029926841,0.276796868246005
"men","1 most deprived",44,0.727852423198487,0.959451398765707,0.278171253038898
"men","2",44,0.72785242319845,0.959451398765707,0.278171251729306
"men","3",44,0.72785242319848,0.959451398765707,0.278171252925463
"men","4",44,0.727852423198543,0.959451398765707,0.278171252869859
"men","5 least deprived",44,0.727852423198466,0.959451398765707,0.27817125291833
"women","1 most deprived",44,0.727852423198487,0.959451394101583,0.278171252877425
"women","2",44,0.72785242319845,0.959451394101583,0.278171251567833
"women","3",44,0.72785242319848,0.959451394101583,0.27817125276399
"women","4",44,0.727852423198543,0.959451394101583,0.278171252708386
"women","5 least deprived",44,0.727852423198466,0.959451394101583,0.278171252756857
"men","1 most deprived",45,0.727852423198487,0.961683945804022,0.279549823931679
"men","2",45,0.72785242319845,0.961683945804022,0.27954982261811
"men","3",45,0.72785242319848,0.961683945804022,0.279549823817899
"men","4",45,0.727852423198543,0.961683945804022,0.279549823762127
"men","5 least deprived",45,0.727852423198466,0.961683945804022,0.279549823810745
"women","1 most deprived",45,0.727852423198487,0.961683941129044,0.279549823769715
"women","2",45,0.72785242319845,0.961683941129044,0.279549822456147
"women","3",45,0.72785242319848,0.961683941129044,0.279549823655936
"women","4",45,0.727852423198543,0.961683941129044,0.279549823600163
"women","5 least deprived",45,0.727852423198466,0.961683941129044,0.279549823648781
"men","1 most deprived",46,0.727852423198487,0.963921687755059,0.280932567821949
"men","2",46,0.72785242319845,0.963921687755059,0.280932566504417
"men","3",46,0.72785242319848,0.963921687755059,0.280932567707827
"men","4",46,0.727852423198543,0.963921687755059,0.280932567651886
"men","5 least deprived",46,0.727852423198466,0.963921687755059,0.280932567700651
"women","1 most deprived",46,0.727852423198487,0.963921683069203,0.280932567659497
"women","2",46,0.72785242319845,0.963921683069203,0.280932566341965
"women","3",46,0.72785242319848,0.963921683069203,0.280932567545374
"women","4",46,0.727852423198543,0.963921683069203,0.280932567489434
"women","5 least deprived",46,0.727852423198466,0.963921683069203,0.280932567538198
"men","1 most deprived",47,0.727852423198487,0.966164636706859,0.282319471048286
"men","2",47,0.72785242319845,0.966164636706859,0.282319469726803
"men","3",47,0.72785242319848,0.966164636706859,0.282319470933821
"men","4",47,0.727852423198543,0.966164636706859,0.282319470877713
"men","5 least deprived",47,0.727852423198466,0.966164636706859,0.282319470926624
"women","1 most deprived",47,0.727852423198487,0.9661646320101,0.282319470885347
"women","2",47,0.72785242319845,0.9661646320101,0.282319469563864
"women","3",47,0.72785242319848,0.9661646320101,0.282319470770882
"women","4",47,0.727852423198543,0.9661646320101,0.282319470714773
"women","5 least deprived",47,0.727852423198466,0.9661646320101,0.282319470763684
"men","1 most deprived",48,0.727852423198487,0.968412804775589,0.283710519670903
"men","2",48,0.72785242319845,0.968412804775589,0.283710518345483
"men","3",48,0.72785242319848,0.968412804775589,0.283710519556097
"men","4",48,0.727852423198543,0.968412804775589,0.283710519499821
"men","5 least deprived",48,0.727852423198466,0.968412804775589,0.283710519548878
"women","1 most deprived",48,0.727852423198487,0.968412800067902,0.283710519507478
"women","2",48,0.72785242319845,0.968412800067902,0.283710518182058
"women","3",48,0.72785242319848,0.968412800067902,0.283710519392672
"women","4",48,0.727852423198543,0.968412800067902,0.283710519336397
"women","5 least deprived",48,0.727852423198466,0.968412800067902,0.283710519385453
"men","1 most deprived",49,0.727852423198487,0.970666204105611,0.285105699471169
"men","2",49,0.72785242319845,0.970666204105611,0.285105698141825
"men","3",49,0.72785242319848,0.970666204105611,0.285105699356023
"men","4",49,0.727852423198543,0.970666204105611,0.285105699299581
"men","5 least deprived",49,0.727852423198466,0.970666204105611,0.285105699348783
"women","1 most deprived",49,0.727852423198487,0.97066619938697,0.285105699307261
"women","2",49,0.72785242319845,0.97066619938697,0.285105697977917
"women","3",49,0.72785242319848,0.97066619938697,0.285105699192115
"women","4",49,0.727852423198543,0.97066619938697,0.285105699135672
"women","5 least deprived",49,0.727852423198466,0.97066619938697,0.285105699184874
"men","1 most deprived",50,0.727852423198487,0.972924846869545,0.286504995951159
"men","2",50,0.72785242319845,0.972924846869545,0.286504994617906
"men","3",50,0.72785242319848,0.972924846869545,0.286504995835675
"men","4",50,0.727852423198543,0.972924846869545,0.286504995779066
"men","5 least deprived",50,0.727852423198466,0.972924846869545,0.286504995828413
"women","1 most deprived",50,0.727852423198487,0.972924842139923,0.286504995786769
"women","2",50,0.72785242319845,0.972924842139923,0.286504994453515
"women","3",50,0.72785242319848,0.972924842139923,0.286504995671284
"women","4",50,0.727852423198543,0.972924842139923,0.286504995614676
"women","5 least deprived",50,0.727852423198466,0.972924842139923,0.286504995664022
"men","1 most deprived",51,0.727852423198487,0.975188745268333,0.287908394333237
"men","2",51,0.72785242319845,0.975188745268333,0.287908392996088
"men","3",51,0.72785242319848,0.975188745268333,0.287908394217415
"men","4",51,0.727852423198543,0.975188745268333,0.287908394160642
"men","5 least deprived",51,0.727852423198466,0.975188745268333,0.287908394210132
"women","1 most deprived",51,0.727852423198487,0.975188740527706,0.287908394168366
"women","2",51,0.72785242319845,0.975188740527706,0.287908392831217
"women","3",51,0.72785242319848,0.975188740527706,0.287908394052544
"women","4",51,0.727852423198543,0.975188740527706,0.287908393995771
"women","5 least deprived",51,0.727852423198466,0.975188740527706,0.287908394045261
"men","1 most deprived",52,0.727852423198487,0.977457911531312,0.289315879559673
"men","2",52,0.72785242319845,0.977457911531312,0.289315878218643
"men","3",52,0.72785242319848,0.977457911531312,0.289315879443515
"men","4",52,0.727852423198543,0.977457911531312,0.289315879386576
"men","5 least deprived",52,0.727852423198466,0.977457911531312,0.289315879436211
"women","1 most deprived",52,0.727852423198487,0.977457906779653,0.289315879394324
"women","2",52,0.72785242319845,0.977457906779653,0.289315878053294
"women","3",52,0.72785242319848,0.977457906779653,0.289315879278165
"women","4",52,0.727852423198543,0.977457906779653,0.289315879221227
"women","5 least deprived",52,0.727852423198466,0.977457906779653,0.289315879270861
"men","1 most deprived",53,0.727852423198487,0.97973235791627,0.290727436292295
"men","2",53,0.72785242319845,0.97973235791627,0.290727434947399
"men","3",53,0.72785242319848,0.97973235791627,0.290727436175802
"men","4",53,0.727852423198543,0.97973235791627,0.2907274361187
"men","5 least deprived",53,0.727852423198466,0.97973235791627,0.290727436168477
"women","1 most deprived",53,0.727852423198487,0.979732353153556,0.290727436126469
"women","2",53,0.72785242319845,0.979732353153556,0.290727434781573
"women","3",53,0.72785242319848,0.979732353153556,0.290727436009976
"women","4",53,0.727852423198543,0.979732353153556,0.290727435952873
"women","5 least deprived",53,0.727852423198466,0.979732353153556,0.290727436002651
"men","1 most deprived",54,0.727852423198487,0.982012096709523,0.292143048912177
"men","2",54,0.72785242319845,0.982012096709523,0.29214304756343
"men","3",54,0.72785242319848,0.982012096709523,0.29214304879535
"men","4",54,0.727852423198543,0.982012096709523,0.292143048738084
"men","5 least deprived",54,0.727852423198466,0.982012096709523,0.292143048788004
"women","1 most deprived",54,0.727852423198487,0.982012091935726,0.292143048745876
"women","2",54,0.72785242319845,0.982012091935726,0.292143047397129
"women","3",54,0.72785242319848,0.982012091935726,0.292143048629049
"women","4",54,0.727852423198543,0.982012091935726,0.292143048571783
"women","5 least deprived",54,0.727852423198466,0.982012091935726,0.292143048621703
"men","1 most deprived",55,0.727852423198487,0.984297140225972,0.293562701519357
"men","2",55,0.72785242319845,0.984297140225972,0.293562700166774
"men","3",55,0.72785242319848,0.984297140225972,0.293562701402198
"men","4",55,0.727852423198543,0.984297140225972,0.293562701344769
"men","5 least deprived",55,0.727852423198466,0.984297140225972,0.293562701394832
"women","1 most deprived",55,0.727852423198487,0.984297135441067,0.293562701352583
"women","2",55,0.72785242319845,0.984297135441067,0.2935627
"women","3",55,0.72785242319848,0.984297135441067,0.293562701235424
"women","4",55,0.727852423198543,0.984297135441067,0.293562701177995
"women","5 least deprived",55,0.727852423198466,0.984297135441067,0.293562701228057
"men","1 most deprived",56,0.727852423198487,0.986587500809176,0.294986377932597
"men","2",56,0.72785242319845,0.986587500809176,0.294986376576193
"men","3",56,0.72785242319848,0.986587500809176,0.294986377815107
"men","4",56,0.727852423198543,0.986587500809176,0.294986377757516
"men","5 least deprived",56,0.727852423198466,0.986587500809176,0.29498637780772
"women","1 most deprived",56,0.727852423198487,0.986587496013137,0.294986377765352
"women","2",56,0.72785242319845,0.986587496013137,0.294986376408948
"women","3",56,0.72785242319848,0.986587496013137,0.294986377647862
"women","4",56,0.727852423198543,0.986587496013137,0.294986377590271
"women","5 least deprived",56,0.727852423198466,0.986587496013137,0.294986377640475
"men","1 most deprived",57,0.727852423198487,0.988883190831415,0.296414061689172
"men","2",57,0.72785242319845,0.988883190831415,0.296414060328964
"men","3",57,0.72785242319848,0.988883190831415,0.296414061571353
"men","4",57,0.727852423198543,0.988883190831415,0.2964140615136
"men","5 least deprived",57,0.727852423198466,0.988883190831415,0.296414061563944
"women","1 most deprived",57,0.727852423198487,0.988883186024216,0.296414061521458
"women","2",57,0.72785242319845,0.988883186024216,0.296414060161249
"women","3",57,0.72785242319848,0.988883186024216,0.296414061403638
"women","4",57,0.727852423198543,0.988883186024216,0.296414061345886
"women","5 least deprived",57,0.727852423198466,0.988883186024216,0.29641406139623
"men","1 most deprived",58,0.727852423198487,0.991184222693758,0.2978457360447
"men","2",58,0.72785242319845,0.991184222693758,0.297845734680702
"men","3",58,0.72785242319848,0.991184222693758,0.297845735926552
"men","4",58,0.727852423198543,0.991184222693758,0.297845735868638
"men","5 least deprived",58,0.727852423198466,0.991184222693758,0.297845735919123
"women","1 most deprived",58,0.727852423198487,0.991184217875373,0.297845735876518
"women","2",58,0.72785242319845,0.991184217875373,0.297845734512521
"women","3",58,0.72785242319848,0.991184217875373,0.297845735758371
"women","4",58,0.727852423198543,0.991184217875373,0.297845735700457
"women","5 least deprived",58,0.727852423198466,0.991184217875373,0.297845735750942
"men","1 most deprived",59,0.727852423198487,0.993490608826131,0.299281383973004
"men","2",59,0.72785242319845,0.993490608826131,0.299281382605234
"men","3",59,0.72785242319848,0.993490608826131,0.299281383854529
"men","4",59,0.727852423198543,0.993490608826131,0.299281383796456
"men","5 least deprived",59,0.727852423198466,0.993490608826131,0.29928138384708
"women","1 most deprived",59,0.727852423198487,0.993490603996534,0.299281383804357
"women","2",59,0.72785242319845,0.993490603996534,0.299281382436588
"women","3",59,0.72785242319848,0.993490603996534,0.299281383685883
"women","4",59,0.727852423198543,0.993490603996534,0.299281383627809
"women","5 least deprived",59,0.727852423198466,0.993490603996534,0.299281383678433
"men","1 most deprived",60,0.727852423198487,0.995802361687382,0.300720988166016
"men","2",60,0.72785242319845,0.995802361687382,0.300720986794491
"men","3",60,0.72785242319848,0.995802361687382,0.300720988047216
"men","4",60,0.727852423198543,0.995802361687382,0.300720987988983
"men","5 least deprived",60,0.727852423198466,0.995802361687382,0.300720988039746
"women","1 most deprived",60,0.727852423198487,0.995802356846547,0.300720987996906
"women","2",60,0.72785242319845,0.995802356846547,0.300720986625381
"women","3",60,0.72785242319848,0.995802356846547,0.300720987878107
"women","4",60,0.727852423198543,0.995802356846547,0.300720987819873
"women","5 least deprived",60,0.727852423198466,0.995802356846547,0.300720987870637
"men","1 most deprived",61,0.727852423198487,0.998119493765351,0.302164531033711
"men","2",61,0.72785242319845,0.998119493765351,0.302164529658447
"men","3",61,0.72785242319848,0.998119493765351,0.302164530914588
"men","4",61,0.727852423198543,0.998119493765351,0.302164530856196
"men","5 least deprived",61,0.727852423198466,0.998119493765351,0.302164530907097
"women","1 most deprived",61,0.727852423198487,0.998119488913252,0.302164530864141
"women","2",61,0.72785242319845,0.998119488913252,0.302164529488877
"women","3",61,0.72785242319848,0.998119488913252,0.302164530745017
"women","4",61,0.727852423198543,0.998119488913252,0.302164530686625
"women","5 least deprived",61,0.727852423198466,0.998119488913252,0.302164530737527
"men","1 most deprived",62,0.727852423198487,1.00044201757693,0.303611994704085
"men","2",62,0.72785242319845,1.00044201757693,0.303611993325099
"men","3",62,0.72785242319848,1.00044201757693,0.303611994584639
"men","4",62,0.727852423198543,1.00044201757693,0.303611994526089
"men","5 least deprived",62,0.727852423198466,1.00044201757693,0.303611994577129
"women","1 most deprived",62,0.727852423198487,1.00044201271354,0.303611994534056
"women","2",62,0.72785242319845,1.00044201271354,0.30361199315507
"women","3",62,0.72785242319848,1.00044201271354,0.30361199441461
"women","4",62,0.727852423198543,1.00044201271354,0.30361199435606
"women","5 least deprived",62,0.727852423198466,1.00044201271354,0.303611994407099
"men","1 most deprived",63,0.727852423198487,1.00276994566815,0.305063361023164
"men","2",63,0.72785242319845,1.00276994566815,0.305063359640474
"men","3",63,0.72785242319848,1.00276994566815,0.305063360903397
"men","4",63,0.727852423198543,1.00276994566815,0.30506336084469
"men","5 least deprived",63,0.727852423198466,1.00276994566815,0.305063360895866
"women","1 most deprived",63,0.727852423198487,1.00276994079345,0.305063360852677
"women","2",63,0.72785242319845,1.00276994079345,0.305063359469987
"women","3",63,0.72785242319848,1.00276994079345,0.305063360732911
"women","4",63,0.727852423198543,1.00276994079345,0.305063360674203
"women","5 least deprived",63,0.727852423198466,1.00276994079345,0.30506336072538
"men","1 most deprived",64,0.727852423198487,1.00510329061423,0.306518611555054
"men","2",64,0.72785242319845,1.00510329061423,0.306518610168677
"men","3",64,0.72785242319848,1.00510329061423,0.306518611434968
"men","4",64,0.727852423198543,1.00510329061423,0.306518611376104
"men","5 least deprived",64,0.727852423198466,1.00510329061423,0.306518611427417
"women","1 most deprived",64,0.727852423198487,1.00510328572818,0.306518611384113
"women","2",64,0.72785242319845,1.00510328572818,0.306518609997737
"women","3",64,0.72785242319848,1.00510328572818,0.306518611264027
"women","4",64,0.727852423198543,1.00510328572818,0.306518611205163
"women","5 least deprived",64,0.727852423198466,1.00510328572818,0.306518611256476
"men","1 most deprived",65,0.727852423198487,1.00744206501963,0.307977727582032
"men","2",65,0.72785242319845,1.00744206501963,0.307977726191987
"men","3",65,0.72785242319848,1.00744206501963,0.307977727461628
"men","4",65,0.727852423198543,1.00744206501963,0.307977727402609
"men","5 least deprived",65,0.727852423198466,1.00744206501963,0.307977727454058
"women","1 most deprived",65,0.727852423198487,1.00744206012221,0.307977727410639
"women","2",65,0.72785242319845,1.00744206012221,0.307977726020594
"women","3",65,0.72785242319848,1.00744206012221,0.307977727290235
"women","4",65,0.727852423198543,1.00744206012221,0.307977727231216
"women","5 least deprived",65,0.727852423198466,1.00744206012221,0.307977727282664
"men","1 most deprived",66,0.727852423198487,1.00978628151817,0.30944069010467
"men","2",66,0.72785242319845,1.00978628151817,0.309440688710974
"men","3",66,0.72785242319848,1.00978628151817,0.30944068998395
"men","4",66,0.727852423198543,1.00978628151817,0.309440689924775
"men","5 least deprived",66,0.727852423198466,1.00978628151817,0.309440689976359
"women","1 most deprived",66,0.727852423198487,1.00978627660935,0.309440689932826
"women","2",66,0.72785242319845,1.00978627660935,0.309440688539131
"women","3",66,0.72785242319848,1.00978627660935,0.309440689812106
"women","4",66,0.727852423198543,1.00978627660935,0.309440689752932
"women","5 least deprived",66,0.727852423198466,1.00978627660935,0.309440689804516
"men","1 most deprived",67,0.727852423198487,1.01213595277305,0.310907479841996
"men","2",67,0.72785242319845,1.01213595277305,0.310907478444668
"men","3",67,0.72785242319848,1.01213595277305,0.310907479720961
"men","4",67,0.727852423198543,1.01213595277305,0.310907479661633
"men","5 least deprived",67,0.727852423198466,1.01213595277305,0.310907479713351
"women","1 most deprived",67,0.727852423198487,1.01213594785281,0.310907479669705
"women","2",67,0.72785242319845,1.01213594785281,0.310907478272377
"women","3",67,0.72785242319848,1.01213594785281,0.31090747954867
"women","4",67,0.727852423198543,1.01213594785281,0.310907479489342
"women","5 least deprived",67,0.727852423198466,1.01213594785281,0.31090747954106
"men","1 most deprived",68,0.727852423198487,1.01449109147694,0.312378077231705
"men","2",68,0.72785242319845,1.01449109147694,0.312378075830764
"men","3",68,0.72785242319848,1.01449109147694,0.312378077110357
"men","4",68,0.727852423198543,1.01449109147694,0.312378077050875
"men","5 least deprived",68,0.727852423198466,1.01449109147694,0.312378077102727
"women","1 most deprived",68,0.727852423198487,1.01449108654525,0.312378077058968
"women","2",68,0.72785242319845,1.01449108654525,0.312378075658027
"women","3",68,0.72785242319848,1.01449108654525,0.31237807693762
"women","4",68,0.727852423198543,1.01449108654525,0.312378076878138
"women","5 least deprived",68,0.727852423198466,1.01449108654525,0.31237807692999
"men","1 most deprived",69,0.727852423198487,1.01685171035204,0.313852462430393
"men","2",69,0.72785242319845,1.01685171035204,0.313852461025858
"men","3",69,0.72785242319848,1.01685171035204,0.313852462308734
"men","4",69,0.727852423198543,1.01685171035204,0.3138524622491
"men","5 least deprived",69,0.727852423198466,1.01685171035204,0.313852462301085
"women","1 most deprived",69,0.727852423198487,1.01685170540888,0.313852462257214
"women","2",69,0.72785242319845,1.01685170540888,0.313852460852679
"women","3",69,0.72785242319848,1.01685170540888,0.313852462135555
"women","4",69,0.727852423198543,1.01685170540888,0.31385246207592
"women","5 least deprived",69,0.727852423198466,1.01685170540888,0.313852462127905
"men","1 most deprived",70,0.727852423198487,1.01921782215017,0.315330615313847
"men","2",70,0.72785242319845,1.01921782215017,0.315330613905737
"men","3",70,0.72785242319848,1.01921782215017,0.315330615191878
"men","4",70,0.727852423198543,1.01921782215017,0.315330615132092
"men","5 least deprived",70,0.727852423198466,1.01921782215017,0.315330615184209
"women","1 most deprived",70,0.727852423198487,1.01921781719551,0.315330615140226
"women","2",70,0.72785242319845,1.01921781719551,0.315330613732116
"women","3",70,0.72785242319848,1.01921781719551,0.315330615018258
"women","4",70,0.727852423198543,1.01921781719551,0.315330614958471
"women","5 least deprived",70,0.727852423198466,1.01921781719551,0.315330615010589
"men","1 most deprived",71,0.727852423198487,1.02158943965281,0.316812515477358
"men","2",71,0.72785242319845,1.02158943965281,0.316812514065692
"men","3",71,0.72785242319848,1.02158943965281,0.316812515355081
"men","4",71,0.727852423198543,1.02158943965281,0.316812515295143
"men","5 least deprived",71,0.727852423198466,1.02158943965281,0.316812515347392
"women","1 most deprived",71,0.727852423198487,1.02158943468661,0.316812515303299
"women","2",71,0.72785242319845,1.02158943468661,0.316812513891633
"women","3",71,0.72785242319848,1.02158943468661,0.316812515181022
"women","4",71,0.727852423198543,1.02158943468661,0.316812515121084
"women","5 least deprived",71,0.727852423198466,1.02158943468661,0.316812515173333
"men","1 most deprived",72,0.727852423198487,1.02396657567116,0.318298142236086
"men","2",72,0.72785242319845,1.02396657567116,0.318298140820885
"men","3",72,0.72785242319848,1.02396657567116,0.318298142113503
"men","4",72,0.727852423198543,1.02396657567116,0.318298142053415
"men","5 least deprived",72,0.727852423198466,1.02396657567116,0.318298142105795
"women","1 most deprived",72,0.727852423198487,1.02396657069342,0.318298142061591
"women","2",72,0.72785242319845,1.02396657069342,0.31829814064639
"women","3",72,0.72785242319848,1.02396657069342,0.318298141939008
"women","4",72,0.727852423198543,1.02396657069342,0.31829814187892
"women","5 least deprived",72,0.727852423198466,1.02396657069342,0.3182981419313
"men","1 most deprived",73,0.727852423198487,1.02634924304628,0.319787474625462
"men","2",73,0.72785242319845,1.02634924304628,0.319787473206745
"men","3",73,0.72785242319848,1.02634924304628,0.319787474502575
"men","4",73,0.727852423198543,1.02634924304628,0.319787474442338
"men","5 least deprived",73,0.727852423198466,1.02634924304628,0.319787474494848
"women","1 most deprived",73,0.727852423198487,1.02634923805695,0.319787474450534
"women","2",73,0.72785242319845,1.02634923805695,0.319787473031817
"women","3",73,0.72785242319848,1.02634923805695,0.319787474327646
"women","4",73,0.727852423198543,1.02634923805695,0.319787474267409
"women","5 least deprived",73,0.727852423198466,1.02634923805695,0.319787474319919
"men","1 most deprived",74,0.727852423198487,1.02873745464906,0.321280491401626
"men","2",74,0.72785242319845,1.02873745464906,0.321280489979415
"men","3",74,0.72785242319848,1.02873745464906,0.321280491278436
"men","4",74,0.727852423198543,1.02873745464906,0.321280491218051
"men","5 least deprived",74,0.727852423198466,1.02873745464906,0.32128049127069
"women","1 most deprived",74,0.727852423198487,1.02873744964812,0.321280491226267
"women","2",74,0.72785242319845,1.02873744964812,0.321280489804055
"women","3",74,0.72785242319848,1.02873744964812,0.321280491103077
"women","4",74,0.727852423198543,1.02873744964812,0.321280491042692
"women","5 least deprived",74,0.727852423198466,1.02873744964812,0.321280491095331
"men","1 most deprived",75,0.727852423198487,1.03113122338038,0.322777171041911
"men","2",75,0.72785242319845,1.03113122338038,0.322777169616224
"men","3",75,0.72785242319848,1.03113122338038,0.32277717091842
"men","4",75,0.727852423198543,1.03113122338038,0.322777170857887
"men","5 least deprived",75,0.727852423198466,1.03113122338038,0.322777170910654
"women","1 most deprived",75,0.727852423198487,1.0311312183678,0.322777170866123
"women","2",75,0.72785242319845,1.0311312183678,0.322777169440437
"women","3",75,0.72785242319848,1.0311312183678,0.322777170742632
"women","4",75,0.727852423198543,1.0311312183678,0.322777170682099
"women","5 least deprived",75,0.727852423198466,1.0311312183678,0.322777170734867
"men","1 most deprived",76,0.727852423198487,1.0335305621711,0.32427749174536
"men","2",76,0.72785242319845,1.0335305621711,0.32427749031622
"men","3",76,0.72785242319848,1.0335305621711,0.324277491621569
"men","4",76,0.727852423198543,1.0335305621711,0.32427749156089
"men","5 least deprived",76,0.727852423198466,1.0335305621711,0.324277491613785
"women","1 most deprived",76,0.727852423198487,1.03353055714686,0.324277491569146
"women","2",76,0.72785242319845,1.03353055714686,0.324277490140006
"women","3",76,0.72785242319848,1.03353055714686,0.324277491445356
"women","4",76,0.727852423198543,1.03353055714686,0.324277491384676
"women","5 least deprived",76,0.727852423198466,1.03353055714686,0.324277491437572
"men","1 most deprived",77,0.727852423198487,1.0359354839822,0.325781431433294
"men","2",77,0.72785242319845,1.0359354839822,0.325781430000722
"men","3",77,0.72785242319848,1.0359354839822,0.325781431309207
"men","4",77,0.727852423198543,1.0359354839822,0.325781431248381
"men","5 least deprived",77,0.727852423198466,1.0359354839822,0.325781431301404
"women","1 most deprived",77,0.727852423198487,1.03593547894627,0.325781431256657
"women","2",77,0.72785242319845,1.03593547894627,0.325781429824085
"women","3",77,0.72785242319848,1.03593547894627,0.32578143113257
"women","4",77,0.727852423198543,1.03593547894627,0.325781431071745
"women","5 least deprived",77,0.727852423198466,1.03593547894627,0.325781431124767
"men","1 most deprived",78,0.727852423198487,1.03834600180481,0.327288967749914
"men","2",78,0.72785242319845,1.03834600180481,0.32728896631393
"men","3",78,0.72785242319848,1.03834600180481,0.327288967625531
"men","4",78,0.727852423198543,1.03834600180481,0.327288967564561
"men","5 least deprived",78,0.727852423198466,1.03834600180481,0.32728896761771
"women","1 most deprived",78,0.727852423198487,1.03834599675716,0.327288967572856
"women","2",78,0.72785242319845,1.03834599675716,0.327288966136873
"women","3",78,0.72785242319848,1.03834599675716,0.327288967448473
"women","4",78,0.727852423198543,1.03834599675716,0.327288967387503
"women","5 least deprived",78,0.727852423198466,1.03834599675716,0.327288967440652
"men","1 most deprived",79,0.727852423198487,1.04076212866027,0.328800078062942
"men","2",79,0.72785242319845,1.04076212866027,0.328800076623569
"men","3",79,0.72785242319848,1.04076212866027,0.328800077938266
"men","4",79,0.727852423198543,1.04076212866027,0.328800077877152
"men","5 least deprived",79,0.727852423198466,1.04076212866027,0.328800077930426
"women","1 most deprived",79,0.727852423198487,1.04076212360088,0.328800077885467
"women","2",79,0.72785242319845,1.04076212360088,0.328800076446094
"women","3",79,0.72785242319848,1.04076212360088,0.328800077760791
"women","4",79,0.727852423198543,1.04076212360088,0.328800077699677
"women","5 least deprived",79,0.727852423198466,1.04076212360088,0.328800077752951
"men","1 most deprived",80,0.727852423198487,1.04318387760026,0.330314739464313
"men","2",80,0.72785242319845,1.04318387760026,0.330314738021572
"men","3",80,0.72785242319848,1.04318387760026,0.330314739339344
"men","4",80,0.727852423198543,1.04318387760026,0.330314739278088
"men","5 least deprived",80,0.727852423198466,1.04318387760026,0.330314739331487
"women","1 most deprived",80,0.727852423198487,1.04318387252909,0.330314739286422
"women","2",80,0.72785242319845,1.04318387252909,0.330314737843682
"women","3",80,0.72785242319848,1.04318387252909,0.330314739161454
"women","4",80,0.727852423198543,1.04318387252909,0.330314739100197
"women","5 least deprived",80,0.727852423198466,1.04318387252909,0.330314739153596
"men","1 most deprived",81,0.727852423198487,1.04318387760026,0.330314739464313
"men","2",81,0.72785242319845,1.04318387760026,0.330314738021572
"men","3",81,0.72785242319848,1.04318387760026,0.330314739339344
"men","4",81,0.727852423198543,1.04318387760026,0.330314739278088
"men","5 least deprived",81,0.727852423198466,1.04318387760026,0.330314739331487
"women","1 most deprived",81,0.727852423198487,1.04318387252909,0.330314739286422
"women","2",81,0.72785242319845,1.04318387252909,0.330314737843682
"women","3",81,0.72785242319848,1.04318387252909,0.330314739161454
"women","4",81,0.727852423198543,1.04318387252909,0.330314739100197
"women","5 least deprived",81,0.727852423198466,1.04318387252909,0.330314739153596
"men","1 most deprived",82,0.727852423198487,1.04318387760026,0.330314739464313
"men","2",82,0.72785242319845,1.04318387760026,0.330314738021572
"men","3",82,0.72785242319848,1.04318387760026,0.330314739339344
"men","4",82,0.727852423198543,1.04318387760026,0.330314739278088
"men","5 least deprived",82,0.727852423198466,1.04318387760026,0.330314739331487
"women","1 most deprived",82,0.727852423198487,1.04318387252909,0.330314739286422
"women","2",82,0.72785242319845,1.04318387252909,0.330314737843682
"women","3",82,0.72785242319848,1.04318387252909,0.330314739161454
"women","4",82,0.727852423198543,1.04318387252909,0.330314739100197
"women","5 least deprived",82,0.727852423198466,1.04318387252909,0.330314739153596
"men","1 most deprived",83,0.727852423198487,1.04318387760026,0.330314739464313
"men","2",83,0.72785242319845,1.04318387760026,0.330314738021572
"men","3",83,0.72785242319848,1.04318387760026,0.330314739339344
"men","4",83,0.727852423198543,1.04318387760026,0.330314739278088
"men","5 least deprived",83,0.727852423198466,1.04318387760026,0.330314739331487
"women","1 most deprived",83,0.727852423198487,1.04318387252909,0.330314739286422
"women","2",83,0.72785242319845,1.04318387252909,0.330314737843682
"women","3",83,0.72785242319848,1.04318387252909,0.330314739161454
"women","4",83,0.727852423198543,1.04318387252909,0.330314739100197
"women","5 least deprived",83,0.727852423198466,1.04318387252909,0.330314739153596
"men","1 most deprived",84,0.727852423198487,1.04318387760026,0.330314739464313
"men","2",84,0.72785242319845,1.04318387760026,0.330314738021572
"men","3",84,0.72785242319848,1.04318387760026,0.330314739339344
"men","4",84,0.727852423198543,1.04318387760026,0.330314739278088
"men","5 least deprived",84,0.727852423198466,1.04318387760026,0.330314739331487
"women","1 most deprived",84,0.727852423198487,1.04318387252909,0.330314739286422
"women","2",84,0.72785242319845,1.04318387252909,0.330314737843682
"women","3",84,0.72785242319848,1.04318387252909,0.330314739161454
"women","4",84,0.727852423198543,1.04318387252909,0.330314739100197
"women","5 least deprived",84,0.727852423198466,1.04318387252909,0.330314739153596
"men","1 most deprived",85,0.727852423198487,1.04318387760026,0.330314739464313
"men","2",85,0.72785242319845,1.04318387760026,0.330314738021572
"men","3",85,0.72785242319848,1.04318387760026,0.330314739339344
"men","4",85,0.727852423198543,1.04318387760026,0.330314739278088
"men","5 least deprived",85,0.727852423198466,1.04318387760026,0.330314739331487
"women","1 most deprived",85,0.727852423198487,1.04318387252909,0.330314739286422
"women","2",85,0.72785242319845,1.04318387252909,0.330314737843682
"women","3",85,0.72785242319848,1.04318387252909,0.330314739161454
"women","4",85,0.727852423198543,1.04318387252909,0.330314739100197
"women","5 least deprived",85,0.727852423198466,1.04318387252909,0.330314739153596
"men","1 most deprived",86,0.727852423198487,1.04318387760026,0.330314739464313
"men","2",86,0.72785242319845,1.04318387760026,0.330314738021572
"men","3",86,0.72785242319848,1.04318387760026,0.330314739339344
"men","4",86,0.727852423198543,1.04318387760026,0.330314739278088
"men","5 least deprived",86,0.727852423198466,1.04318387760026,0.330314739331487
"women","1 most deprived",86,0.727852423198487,1.04318387252909,0.330314739286422
"women","2",86,0.72785242319845,1.04318387252909,0.330314737843682
"women","3",86,0.72785242319848,1.04318387252909,0.330314739161454
"women","4",86,0.727852423198543,1.04318387252909,0.330314739100197
"women","5 least deprived",86,0.727852423198466,1.04318387252909,0.330314739153596
"men","1 most deprived",87,0.727852423198487,1.04318387760026,0.330314739464313
"men","2",87,0.72785242319845,1.04318387760026,0.330314738021572
"men","3",87,0.72785242319848,1.04318387760026,0.330314739339344
"men","4",87,0.727852423198543,1.04318387760026,0.330314739278088
"men","5 least deprived",87,0.727852423198466,1.04318387760026,0.330314739331487
"women","1 most deprived",87,0.727852423198487,1.04318387252909,0.330314739286422
"women","2",87,0.72785242319845,1.04318387252909,0.330314737843682
"women","3",87,0.72785242319848,1.04318387252909,0.330314739161454
"women","4",87,0.727852423198543,1.04318387252909,0.330314739100197
"women","5 least deprived",87,0.727852423198466,1.04318387252909,0.330314739153596
"men","1 most deprived",88,0.727852423198487,1.04318387760026,0.330314739464313
"men","2",88,0.72785242319845,1.04318387760026,0.330314738021572
"men","3",88,0.72785242319848,1.04318387760026,0.330314739339344
"men","4",88,0.727852423198543,1.04318387760026,0.330314739278088
"men","5 least deprived",88,0.727852423198466,1.04318387760026,0.330314739331487
"women","1 most deprived",88,0.727852423198487,1.04318387252909,0.330314739286422
"women","2",88,0.72785242319845,1.04318387252909,0.330314737843682
"women","3",88,0.72785242319848,1.04318387252909,0.330314739161454
"women","4",88,0.727852423198543,1.04318387252909,0.330314739100197
"women","5 least deprived",88,0.727852423198466,1.04318387252909,0.330314739153596
"men","1 most deprived",89,0.727852423198487,1.04318387760026,0.330314739464313
"men","2",89,0.72785242319845,1.04318387760026,0.330314738021572
"men","3",89,0.72785242319848,1.04318387760026,0.330314739339344
"men","4",89,0.727852423198543,1.04318387760026,0.330314739278088
"men","5 least deprived",89,0.727852423198466,1.04318387760026,0.330314739331487
"women","1 most deprived",89,0.727852423198487,1.04318387252909,0.330314739286422
"women","2",89,0.72785242319845,1.04318387252909,0.330314737843682
"women","3",89,0.72785242319848,1.04318387252909,0.330314739161454
"women","4",89,0.727852423198543,1.04318387252909,0.330314739100197
"women","5 least deprived",89,0.727852423198466,1.04318387252909,0.330314739153596
"men","1 most deprived",90,0.727852423198487,1.04318387760026,0.330314739464313
"men","2",90,0.72785242319845,1.04318387760026,0.330314738021572
"men","3",90,0.72785242319848,1.04318387760026,0.330314739339344
"men","4",90,0.727852423198543,1.04318387760026,0.330314739278088
"men","5 least deprived",90,0.727852423198466,1.04318387760026,0.330314739331487
"women","1 most deprived",90,0.727852423198487,1.04318387252909,0.330314739286422
"women","2",90,0.72785242319845,1.04318387252909,0.330314737843682
"women","3",90,0.72785242319848,1.04318387252909,0.330314739161454
"women","4",90,0.727852423198543,1.04318387252909,0.330314739100197
"women","5 least deprived",90,0.727852423198466,1.04318387252909,0.330314739153596
"men","1 most deprived",91,0.727852423198487,1.04318387760026,0.330314739464313
"men","2",91,0.72785242319845,1.04318387760026,0.330314738021572
"men","3",91,0.72785242319848,1.04318387760026,0.330314739339344
"men","4",91,0.727852423198543,1.04318387760026,0.330314739278088
"men","5 least deprived",91,0.727852423198466,1.04318387760026,0.330314739331487
"women","1 most deprived",91,0.727852423198487,1.04318387252909,0.330314739286422
"women","2",91,0.72785242319845,1.04318387252909,0.330314737843682
"women","3",91,0.72785242319848,1.04318387252909,0.330314739161454
"women","4",91,0.727852423198543,1.04318387252909,0.330314739100197
"women","5 least deprived",91,0.727852423198466,1.04318387252909,0.330314739153596
"men","1 most deprived",92,0.727852423198487,1.04318387760026,0.330314739464313
"men","2",92,0.72785242319845,1.04318387760026,0.330314738021572
"men","3",92,0.72785242319848,1.04318387760026,0.330314739339344
"men","4",92,0.727852423198543,1.04318387760026,0.330314739278088
"men","5 least deprived",92,0.727852423198466,1.04318387760026,0.330314739331487
"women","1 most deprived",92,0.727852423198487,1.04318387252909,0.330314739286422
"women","2",92,0.72785242319845,1.04318387252909,0.330314737843682
"women","3",92,0.72785242319848,1.04318387252909,0.330314739161454
"women","4",92,0.727852423198543,1.04318387252909,0.330314739100197
"women","5 least deprived",92,0.727852423198466,1.04318387252909,0.330314739153596
"men","1 most deprived",93,0.727852423198487,1.04318387760026,0.330314739464313
"men","2",93,0.72785242319845,1.04318387760026,0.330314738021572
"men","3",93,0.72785242319848,1.04318387760026,0.330314739339344
"men","4",93,0.727852423198543,1.04318387760026,0.330314739278088
"men","5 least deprived",93,0.727852423198466,1.04318387760026,0.330314739331487
"women","1 most deprived",93,0.727852423198487,1.04318387252909,0.330314739286422
"women","2",93,0.72785242319845,1.04318387252909,0.330314737843682
"women","3",93,0.72785242319848,1.04318387252909,0.330314739161454
"women","4",93,0.727852423198543,1.04318387252909,0.330314739100197
"women","5 least deprived",93,0.727852423198466,1.04318387252909,0.330314739153596
"men","1 most deprived",94,0.727852423198487,1.04318387760026,0.330314739464313
"men","2",94,0.72785242319845,1.04318387760026,0.330314738021572
"men","3",94,0.72785242319848,1.04318387760026,0.330314739339344
"men","4",94,0.727852423198543,1.04318387760026,0.330314739278088
"men","5 least deprived",94,0.727852423198466,1.04318387760026,0.330314739331487
"women","1 most deprived",94,0.727852423198487,1.04318387252909,0.330314739286422
"women","2",94,0.72785242319845,1.04318387252909,0.330314737843682
"women","3",94,0.72785242319848,1.04318387252909,0.330314739161454
"women","4",94,0.727852423198543,1.04318387252909,0.330314739100197
"women","5 least deprived",94,0.727852423198466,1.04318387252909,0.330314739153596
"men","1 most deprived",95,0.727852423198487,1.04318387760026,0.330314739464313
"men","2",95,0.72785242319845,1.04318387760026,0.330314738021572
"men","3",95,0.72785242319848,1.04318387760026,0.330314739339344
"men","4",95,0.727852423198543,1.04318387760026,0.330314739278088
"men","5 least deprived",95,0.727852423198466,1.04318387760026,0.330314739331487
"women","1 most deprived",95,0.727852423198487,1.04318387252909,0.330314739286422
"women","2",95,0.72785242319845,1.04318387252909,0.330314737843682
"women","3",95,0.72785242319848,1.04318387252909,0.330314739161454
"women","4",95,0.727852423198543,1.04318387252909,0.330314739100197
"women","5 least deprived",95,0.727852423198466,1.04318387252909,0.330314739153596
"men","1 most deprived",96,0.727852423198487,1.04318387760026,0.330314739464313
"men","2",96,0.72785242319845,1.04318387760026,0.330314738021572
"men","3",96,0.72785242319848,1.04318387760026,0.330314739339344
"men","4",96,0.727852423198543,1.04318387760026,0.330314739278088
"men","5 least deprived",96,0.727852423198466,1.04318387760026,0.330314739331487
"women","1 most deprived",96,0.727852423198487,1.04318387252909,0.330314739286422
"women","2",96,0.72785242319845,1.04318387252909,0.330314737843682
"women","3",96,0.72785242319848,1.04318387252909,0.330314739161454
"women","4",96,0.727852423198543,1.04318387252909,0.330314739100197
"women","5 least deprived",96,0.727852423198466,1.04318387252909,0.330314739153596
"men","1 most deprived",97,0.727852423198487,1.04318387760026,0.330314739464313
"men","2",97,0.72785242319845,1.04318387760026,0.330314738021572
"men","3",97,0.72785242319848,1.04318387760026,0.330314739339344
"men","4",97,0.727852423198543,1.04318387760026,0.330314739278088
"men","5 least deprived",97,0.727852423198466,1.04318387760026,0.330314739331487
"women","1 most deprived",97,0.727852423198487,1.04318387252909,0.330314739286422
"women","2",97,0.72785242319845,1.04318387252909,0.330314737843682
"women","3",97,0.72785242319848,1.04318387252909,0.330314739161454
"women","4",97,0.727852423198543,1.04318387252909,0.330314739100197
"women","5 least deprived",97,0.727852423198466,1.04318387252909,0.330314739153596
"men","1 most deprived",98,0.727852423198487,1.04318387760026,0.330314739464313
"men","2",98,0.72785242319845,1.04318387760026,0.330314738021572
"men","3",98,0.72785242319848,1.04318387760026,0.330314739339344
"men","4",98,0.727852423198543,1.04318387760026,0.330314739278088
"men","5 least deprived",98,0.727852423198466,1.04318387760026,0.330314739331487
"women","1 most deprived",98,0.727852423198487,1.04318387252909,0.330314739286422
"women","2",98,0.72785242319845,1.04318387252909,0.330314737843682
"women","3",98,0.72785242319848,1.04318387252909,0.330314739161454
"women","4",98,0.727852423198543,1.04318387252909,0.330314739100197
"women","5 least deprived",98,0.727852423198466,1.04318387252909,0.330314739153596
"men","1 most deprived",99,0.727852423198487,1.04318387760026,0.330314739464313
"men","2",99,0.72785242319845,1.04318387760026,0.330314738021572
"men","3",99,0.72785242319848,1.04318387760026,0.330314739339344
"men","4",99,0.727852423198543,1.04318387760026,0.330314739278088
"men","5 least deprived",99,0.727852423198466,1.04318387760026,0.330314739331487
"women","1 most deprived",99,0.727852423198487,1.04318387252909,0.330314739286422
"women","2",99,0.72785242319845,1.04318387252909,0.330314737843682
"women","3",99,0.72785242319848,1.04318387252909,0.330314739161454
"women","4",99,0.727852423198543,1.04318387252909,0.330314739100197
"women","5 least deprived",99,0.727852423198466,1.04318387252909,0.330314739153596
